X,Y,COLOR,
-91.2989880334543,34.1441934409268,red
-89.201345637044,33.6941245742641,yellow
-91.2025447048837,33.0190212742699,green
-89.9889661537038,34.4174495385434,blue
